source_id,ra,dec,parallax,Gaia_G-Gaia_Bp,Gaia_G-Gaia_Rp,Gaia_Bp-Gaia_Rp,Jmag-Hmag,Jmag-Kmag,Hmag-Kmag,W1-W2,Gaia_G,Gaia_Bp,Gaia_Rp,Jmag,Hmag,Kmag,W1,W2,prob_enn,prob_tomek,prob_smt,ponderacion
431511550298172800,2.1755100290452916,63.009350314872854,0.1848585076358392,-0.88933945,0.93747234,1.8268118,0.68200016,1.2259998,0.5439997,0.7889999999999997,12.575298,13.464638,11.637826,10.285,9.603,9.059,7.87,7.081,0.9841965,0.9845584,0.98945796,0.98607093
3101602940525405184,104.79794365668597,-4.9166178045310645,0.21537381260180927,-1.1862745,1.0922794,2.278554,0.71299934,1.2839994,0.5710001,0.27800000000000047,13.619547,14.805821,12.527267,10.848,10.135,9.564,9.14,8.862,0.99664223,0.9814781,0.97779614,0.9853055
2934572487022536192,107.16165348201707,-17.63020901350647,0.1849409597990552,-0.42889118,0.63852406,1.0674152,0.63899994,1.5360003,0.8970003,0.7850000000000001,10.823021,11.251912,10.184497,9.404,8.765,7.868,6.442,5.657,0.93459886,0.91160685,0.9352029,0.9271362
3102242645833967488,101.88297414036032,-4.716328191276722,0.2360397663351682,-0.89033794,0.96111107,1.851449,0.4779997,0.8920002,0.4140005,0.2919999999999998,12.399849,13.290187,11.438738,9.927,9.449,9.035,8.571,8.279,0.98511314,0.7372188,0.76324797,0.8285267
2934166389275261824,106.5624201418859,-19.074205602117157,0.189423530498047,-0.20958996,0.3780489,0.58763885,0.33500004,0.9970007,0.66200066,0.7469999999999999,12.827811,13.037401,12.449762,11.97,11.635,10.973,9.79,9.043,0.9201424,0.68348545,0.8178915,0.8071731
3102647407854354176,104.19220921000978,-3.6537362839578056,0.6443770208055846,-0.30938148,0.4892707,0.7986522,0.19000006,0.3300004,0.14000034,0.11800000000000033,7.727479,8.03686,7.2382083,6.642,6.452,6.312,6.214,6.096,0.77101,0.7009065,0.8127397,0.76155204
5588624884515385472,115.90445551199898,-34.301457789664205,0.30019423115156807,-1.006011,0.99769115,2.0037022,0.55099964,1.1160002,0.56500053,0.3799999999999999,11.645955,12.651966,10.648264,9.132,8.581,8.016,7.555,7.175,0.9992397,0.9907003,0.99392515,0.9946217
5598104289661168768,115.15570248626989,-31.694311864476905,0.21171034987327828,-0.13858318,0.30395985,0.44254303,0.27999973,0.59500027,0.31500053,0.3460000000000001,11.143868,11.282452,10.839909,10.361,10.081,9.766,9.244,8.898,0.96231747,0.9494886,0.9451801,0.95232874
5619002294851004416,114.70808842762942,-22.030908384717087,0.2272685442623957,-0.16191769,0.3335991,0.49551678,0.23200035,0.5710001,0.33899975,0.31900000000000084,11.367832,11.52975,11.034233,10.463,10.231,9.892,9.428,9.109,0.93891746,0.9331549,0.9281632,0.93341184
5602035078094609792,118.1966089182533,-26.266214245440572,0.15836780468742423,-0.28026104,0.4684477,0.7487087,0.45799923,1.0669994,0.6090002,0.6989999999999998,14.308918,14.589179,13.84047,13.216,12.758,12.149,10.698,9.999,0.9865143,0.6361557,0.7355074,0.78605914
5593826360487373696,117.09764238576608,-34.384837641804026,0.20833278217865342,-1.2374649,1.1241274,2.3615923,0.5980005,0.95300007,0.35499954,0.1639999999999997,12.0086565,13.246121,10.884529,9.079,8.481,8.126,7.773,7.609,0.7666608,0.75383765,0.7655573,0.7620186
5523218201962883840,129.33344307678786,-43.860373646529254,0.1403557428137867,-0.99156475,0.9943323,1.9858971,0.5600004,1.0139999,0.45399952,0.3309999999999995,13.237627,14.229192,12.243295,10.708,10.148,9.694,9.275,8.944,0.9972458,0.98175335,0.98958045,0.9895265
5526627615713232256,128.66263675750625,-42.32810491100195,0.15150043287540013,-0.9065113,0.95537853,1.8618898,0.4960003,0.97000027,0.47399998,0.2919999999999998,13.378004,14.284515,12.422626,10.969,10.473,9.999,9.518,9.226,0.9981205,0.9608259,0.9741649,0.9777038
5539999188935777920,125.17571750581111,-39.862927227596344,0.1424798797646031,-1.7764692,1.2689495,3.0454187,0.8499994,1.2729998,0.42300034,0.08799999999999919,13.768863,15.545332,12.499913,10.105,9.255,8.832,8.511,8.423,0.96669877,0.9418291,0.91074806,0.9397586
5525073799621148800,129.9475049074139,-42.49083993102965,0.17849825397777355,-1.7905979,1.2783566,3.0689545,0.7230005,1.217,0.49399948,0.14999999999999947,13.406472,15.19707,12.128116,9.744,9.021,8.527,8.139,7.989,0.93297786,0.9002323,0.9053295,0.91284657
5523654673711086848,129.2447878412999,-42.110197620127565,0.15596938774002614,-1.4978218,1.2001123,2.6979342,0.66799927,1.059,0.39100075,0.09800000000000075,13.311668,14.80949,12.111556,9.94,9.272,8.881,8.625,8.527,0.97967553,0.8759617,0.8816227,0.91242
5526590644637495936,127.85991295562505,-42.38516987670241,0.13881845999778192,-1.3627481,1.1545525,2.5173006,0.63899994,1.0050001,0.36600018,0.08599999999999852,13.13782,14.500568,11.983268,9.913,9.274,8.908,8.655,8.569,0.9587352,0.86631763,0.85112154,0.89205813
5522361819842265728,129.42011294979304,-44.69726056139945,0.144537803287293,-0.6037741,0.7740946,1.3778687,0.43899918,0.9209995,0.48200035,0.30100000000000016,13.327893,13.931667,12.553799,11.433,10.994,10.512,10.204,9.903,0.9972856,0.7194481,0.70465356,0.8071291
5540477407779434112,125.62265741944292,-37.721645674962424,0.1249441513441937,-0.69678307,0.83295727,1.5297403,0.43900013,0.8470001,0.408,0.29100000000000037,13.240632,13.937415,12.407675,11.578,11.139,10.731,9.805,9.514,0.9984805,0.6906406,0.6559519,0.781691
5547367806634580992,122.4513538749173,-33.48224705596935,0.17203386291762965,-0.34536457,0.55328274,0.8986473,0.59299946,1.3529997,0.7600002,0.5660000000000007,14.02628,14.371645,13.472998,12.58,11.987,11.227,10.3,9.734,0.96686065,0.68676203,0.68142074,0.7783478
5527230693538536832,126.4381812260022,-41.84071754802845,0.5545083783611341,-1.4619694,1.1730623,2.6350317,0.92599964,1.5229998,0.5970001,1.2229999999999999,12.557884,14.019854,11.384822,9.353,8.427,7.83,6.489,5.266,0.9804448,0.49110985,0.8598218,0.77712554
5643327031112417664,126.21871382870691,-31.71303847387373,0.15467216777483325,-1.0860586,1.0276823,2.113741,0.7090006,1.1470003,0.43799973,-0.18200000000000038,13.190896,14.276955,12.163214,10.666,9.957,9.519,9.399,9.581,0.8658051,0.6288102,0.6363645,0.7103266
5325732135352664320,138.8507967749007,-49.70101747330126,0.24168920446988376,-2.030654,1.332901,3.363555,0.92300034,1.5440006,0.6210003,0.48100000000000076,14.131881,16.162535,12.79898,10.166,9.243,8.622,7.626,7.145,0.99877197,0.99330455,0.9937609,0.99527913
5326403112316970752,139.57587690559183,-48.021990427196336,0.3519652680365063,-2.4742804,1.4047079,3.8789883,1.0380001,1.7810001,0.74300003,0.5289999999999999,14.46951,16.94379,13.064802,10.122,9.084,8.341,7.601,7.072,0.9943929,0.9879832,0.99428743,0.9922212
5328835781809458944,132.94051193967783,-47.27756276056143,0.11266177567033542,-0.53362274,0.73079395,1.2644167,0.3579998,0.78999996,0.43200016,0.33399999999999963,13.192172,13.725795,12.461378,11.458,11.1,10.668,10.074,9.74,0.998302,0.9826155,0.9542786,0.9783986
5329864237502044160,131.19702317414482,-45.982043599594114,0.17560872012451753,-0.45947266,0.68612003,1.1455927,0.35599995,0.7470002,0.39100027,0.3310000000000004,10.372577,10.832049,9.686457,8.616,8.26,7.869,7.28,6.949,0.9969283,0.95875514,0.9752778,0.97698706
5327137826604237824,136.50002732065215,-47.31612545216229,0.5481545553915753,-1.2777796,1.1038084,2.381588,0.60599995,1.1889997,0.5829997,0.2809999999999997,11.152239,12.430018,10.04843,7.791,7.185,6.602,6.909,6.628,0.9668755,0.96216625,0.9904434,0.9731617
5326090576138034560,139.83416749856445,-49.317011079563876,0.39003880770910204,-2.708497,1.4345369,4.143034,0.9299998,1.5279999,0.59800005,0.2610000000000001,12.313331,15.021828,10.878794,7.928,6.998,6.4,6.071,5.81,0.9963851,0.9604088,0.9070488,0.9546142
5325547726635544320,138.66578190664129,-50.640751333167344,0.4395672640429068,-1.2423477,1.1033363,2.345684,0.7329998,1.4439998,0.71099997,1.2359999999999998,12.345603,13.587951,11.242267,9.381,8.648,7.937,6.524,5.288,0.9973732,0.85457593,0.9094244,0.92045784
5528953941802203648,131.36274951420225,-38.732653764114204,0.17829611396399558,-0.6722336,0.8377924,1.510026,0.7920008,1.1890001,0.39699936,0.270999999999999,12.645381,13.317615,11.807589,10.331,9.539,9.142,8.745,8.474,0.9441725,0.8586984,0.8718538,0.8915749
5300416563020145408,139.71039286112028,-58.739202783677165,0.15258309945940812,-1.8672304,1.2983656,3.165596,0.85599995,1.2709999,0.41499996,-0.23799999999999955,13.159282,15.026512,11.860916,9.732,8.876,8.461,8.303,8.541,0.953723,0.8073044,0.85498124,0.87200284
5328517438823152512,134.4941508640437,-48.173277778260115,0.3196029806483263,-1.6433296,1.2409964,2.884326,1.0539999,2.092,1.0380001,0.6390000000000002,14.343945,15.987274,13.102948,10.754,9.7,8.662,7.397,6.758,0.92476165,0.8424766,0.76811665,0.8451183
5329703326536785664,132.9118099051882,-46.25338444068894,0.12167464369707867,-1.7748632,1.2555838,3.030447,0.9630003,1.4440002,0.48099995,-0.08799999999999919,13.397316,15.172179,12.141732,9.724,8.761,8.28,8.009,8.097,0.9633439,0.7704928,0.79143995,0.8417589
5522478157608581248,130.4405965345092,-44.31230959940727,0.2009209972161138,-1.2073679,1.0862799,2.2936478,0.6149998,1.0650005,0.45000076,0.23100000000000165,13.23147,14.438838,12.14519,10.479,9.864,9.414,9.851,9.62,0.8045491,0.81285363,0.8041498,0.8071842
5330023048193921664,135.32344149792894,-47.694634622755494,0.4446359648018125,-2.635006,1.450079,4.085085,1.5169992,2.8599997,1.3430004,1.085,15.6514225,18.286428,14.201344,11.294,9.777,8.434,6.478,5.393,0.99373615,0.67354876,0.5777813,0.7483554
5329877053675472896,131.9501871265569,-46.24493165281307,0.19845142617993533,-0.61189175,0.7796278,1.3915195,0.3920002,0.78200054,0.39000034,0.32699999999999996,12.573976,13.185867,11.794348,10.803,10.411,10.021,9.574,9.247,0.9050293,0.6373833,0.6443906,0.72893435
5313246734155103488,140.00075110252962,-51.70994812457079,0.20536960159142337,-0.87529564,0.942997,1.8182926,0.47499943,0.97999954,0.5050001,0.3490000000000002,13.4115305,14.286826,12.4685335,11.103,10.628,10.123,9.58,9.231,0.99516475,0.9001116,0.88550264,0.9269263
5309520180011178240,145.0276536926406,-52.81577830656506,0.13687585574025826,-0.6360464,0.79351807,1.4295645,0.39400005,0.7989998,0.40499973,0.2889999999999997,12.506743,13.14279,11.713225,10.603,10.209,9.804,9.421,9.132,0.9976211,0.7317305,0.8502299,0.8598605
5310857289243958144,140.15932921143548,-53.20774464657601,0.16070346933777416,-1.2650671,1.0892668,2.3543339,0.9279995,1.4099998,0.48200035,0.577,12.317485,13.582552,11.228218,9.445,8.517,8.035,7.108,6.531,0.9937779,0.718782,0.83100665,0.84785557
5259400243814448640,148.86391632685692,-57.5814217561487,0.19495962227679237,-1.2547369,1.1023035,2.3570404,0.52999973,0.849,0.31900024,0.13199999999999967,12.795414,14.050151,11.69311,9.868,9.338,9.019,8.743,8.611,0.9586993,0.80410206,0.7777559,0.8468525
5308935308542630784,144.05562160019673,-54.65220414553435,0.15003560378328842,-0.7337446,0.85909176,1.5928364,0.45300007,0.82800007,0.375,0.3279999999999994,12.867915,13.60166,12.008823,10.768,10.315,9.94,9.436,9.108,0.9919624,0.72161514,0.8028782,0.83881855
5308415720582085248,146.72554909709177,-54.36288077389803,0.2952789838669442,-0.5353241,0.7163429,1.251667,0.5500002,1.3730001,0.82299995,1.1580000000000004,11.143209,11.678534,10.426867,9.395,8.845,8.022,6.54,5.382,0.972796,0.69145197,0.45875156,0.7076666
5258541426467257216,153.7082861944774,-58.4214293205082,0.15216345238876702,-0.95362186,0.9751282,1.92875,0.6210003,1.1000004,0.4790001,0.30799999999999983,13.351768,14.305389,12.376639,10.786,10.165,9.686,9.192,8.884,0.9973073,0.9927328,0.9948338,0.9949579
5354888812908396416,154.97561126700654,-56.48779073290566,0.13968185979912623,-1.3965302,1.1526318,2.549162,0.71600056,1.1780005,0.4619999,0.27200000000000024,13.128858,14.525388,11.976226,10.364,9.648,9.186,8.496,8.224,0.9985373,0.98859346,0.99013454,0.9924218
5258907082795592832,152.22864329504972,-57.27644124189292,0.14584084764307567,-1.605422,1.2205725,2.8259945,0.6750002,1.0970001,0.42199993,0.12199999999999989,13.290423,14.895845,12.069851,9.942,9.267,8.845,8.545,8.423,0.9976935,0.9851577,0.98480856,0.98921996
5254568684821161216,158.8804824168262,-59.142949585389175,0.20327468092718193,-1.3200092,1.1347008,2.45471,0.7229996,1.283,0.5600004,0.4029999999999987,14.279873,15.599882,13.145172,11.044,10.321,9.761,9.155,8.752,0.99744666,0.98360944,0.9725053,0.98452044
5258615918383117824,153.2263122520614,-57.9636193033234,0.19522624777343173,-1.3010397,1.1425219,2.4435616,0.717,1.394,0.67700005,0.4930000000000003,14.808734,16.109774,13.666212,11.67,10.953,10.276,9.285,8.792,0.9968172,0.88763773,0.9518234,0.94542617
5351420059888600448,158.14044541071448,-58.67514226263671,0.19868476920033942,-1.0669012,1.0424051,2.1093063,0.5239992,0.8989992,0.375,0.27300000000000146,13.549654,14.616555,12.507249,10.959,10.435,10.06,9.422,9.149,0.9423621,0.8693631,0.8072898,0.873005
5255330538963954432,158.14394676183022,-58.818016257184986,0.4049350885343764,-1.216794,1.0929775,2.3097715,0.5629997,0.9899998,0.42700005,0.2809999999999997,12.235715,13.452509,11.142737,9.488,8.925,8.498,8.02,7.739,0.9692394,0.7336365,0.7339281,0.81226796
5351451636490863744,158.73188636407608,-58.13831039214128,0.15670488001994426,-1.488944,1.1864872,2.6754313,0.79999924,1.1939993,0.39400005,0.05699999999999861,13.916409,15.405353,12.729921,10.492,9.692,9.298,9.001,8.944,0.84473366,0.7887826,0.5747013,0.73607254
5351563924106553344,158.63282983760502,-57.800398086805366,0.15511393152725994,-1.4747305,1.1928501,2.6675806,0.6289997,1.0220003,0.3930006,0.0860000000000003,13.488011,14.962742,12.295161,10.222,9.593,9.2,8.98,8.894,0.78358793,0.7688794,0.6290242,0.72716385
5350650229948936704,158.7784135807159,-58.98950308404437,0.19264426830958142,-1.020257,1.0387955,2.0590525,0.59100056,1.0710001,0.47999954,0.22799999999999976,14.631974,15.652231,13.593179,11.527,10.936,10.456,10.292,10.064,0.9325803,0.6169934,0.6281564,0.72591
5254521199660362880,158.7522289538529,-59.58323054578149,0.15180105067729113,-0.57763386,0.76643085,1.3440647,0.39400005,0.783,0.38899994,0.12399999999999878,13.935736,14.51337,13.169305,11.879,11.485,11.096,11.447,11.323,0.93699163,0.6469172,0.568052,0.71732026
5254202306934903552,161.56231051854567,-60.42915398350199,0.2728446043985544,-1.286686,1.1230984,2.4097843,0.7880001,1.3730001,0.58500004,0.4060000000000006,13.252944,14.53963,12.129846,10.095,9.307,8.722,8.16,7.754,0.9947488,0.973668,0.9776888,0.98203516
5350291033247940480,161.67953625593748,-60.04211762612576,0.1861791808548328,-1.2018242,1.1167612,2.3185854,0.7399998,1.2039995,0.46399975,0.3699999999999992,13.282237,14.484061,12.165476,10.193,9.453,8.989,8.446,8.076,0.99499196,0.97130716,0.9777174,0.9813388
5337351838652951808,169.58268939584713,-61.559302667114444,0.13865102592871054,-1.1751642,1.0847254,2.2598896,0.59299946,0.9539995,0.36100006,0.10200000000000031,12.404218,13.579382,11.319492,9.485,8.892,8.531,8.272,8.17,0.99772316,0.9614004,0.9717158,0.97694653
5350349479166230144,161.20013347091003,-59.9082034044853,0.2082116477681734,-0.79271317,0.8992777,1.6919909,0.5430002,1.0310001,0.48799992,0.29100000000000037,11.571303,12.364017,10.672026,9.303,8.76,8.272,7.843,7.552,0.9988595,0.9350607,0.9674952,0.96713847
5350753274806465664,160.38623938331006,-58.21495876388551,0.17768952306578956,-0.8984928,0.9603119,1.8588047,0.5430002,0.97000027,0.42700005,0.2969999999999988,13.201365,14.099858,12.241054,10.805,10.262,9.835,9.36,9.063,0.9646063,0.9359654,0.95445853,0.9516768
5350570717198958976,160.32565237305445,-59.242225301290965,0.2088730275860552,-0.87858295,0.9457588,1.8243418,0.5600004,1.0710001,0.5109997,0.3550000000000004,13.080089,13.958672,12.13433,10.642,10.082,9.571,9.051,8.696,0.99556476,0.9051757,0.9202168,0.94031906
5350445548988371456,161.98689612342494,-59.14808340043583,0.249240905608063,-0.53120613,0.71850204,1.2497082,0.31799984,0.52199936,0.20399952,0.16500000000000004,10.126525,10.657731,9.408023,8.447,8.129,7.925,7.514,7.349,0.96701974,0.89927053,0.9114662,0.9259188
5338256844150504960,162.69283183166408,-60.47811020117575,0.12565943534502425,-0.65799713,0.8150549,1.473052,0.45200062,0.78600025,0.33399963,0.24599999999999866,11.909917,12.567914,11.094862,9.909,9.457,9.123,8.796,8.55,0.98731136,0.88189405,0.9032315,0.9241457
5337353487920551040,169.76751041162535,-61.46904360037708,0.15628118578624728,-1.3280888,1.1566877,2.4847765,0.69400024,1.0789995,0.38499928,0.11000000000000032,12.369473,13.697562,11.212786,9.205,8.511,8.126,7.69,7.58,0.99257636,0.8540106,0.8260391,0.89087534
5337603218859736320,169.2324456855681,-59.89873207684007,0.11693781849860777,-0.30235767,0.5035267,0.80588436,0.28799915,0.6449995,0.35700035,0.20699999999999896,13.064194,13.366551,12.560667,11.671,11.383,11.026,10.86,10.653,0.73588234,0.8216289,0.79323894,0.7835834
5334772972852095872,178.57987543539957,-61.521663064193255,0.1629085281173164,-0.61854553,0.78372,1.4022655,0.49400043,1.0530005,0.559,0.7280000000000006,11.32369,11.942236,10.53997,9.385,8.891,8.332,6.964,6.236,0.99450725,0.9914438,0.9893974,0.99178284
5333318937420478080,176.00868522961545,-62.97427170042036,0.1435690115030242,-1.5655079,1.2232847,2.7887926,0.6890001,1.0820007,0.3930006,0.08300000000000018,13.507622,15.07313,12.284337,10.055,9.366,8.973,8.683,8.6,0.97911215,0.93948424,0.93438065,0.95099235
5334115082576326016,174.06198160039798,-62.29746175570426,0.2493408085866047,-0.9886856,1.007124,1.9958096,0.55999947,1.1569996,0.5970001,0.3340000000000014,13.020828,14.009514,12.013704,10.245,9.685,9.088,8.781,8.447,0.9919103,0.9051856,0.8793299,0.9254753
5335932923254545920,173.11640792805545,-60.80400939929849,0.2166639929184041,-0.2216587,0.43206692,0.6537256,0.27299976,0.5760002,0.30300045,0.1899999999999995,10.991646,11.2133045,10.559579,10.219,9.946,9.643,9.343,9.153,0.90841025,0.9224008,0.8966939,0.9091683
5334864335384747520,176.6337940339928,-61.64099453534047,0.13998453120799184,-1.3939075,1.1556425,2.54955,0.7470007,1.1310005,0.38399982,0.013999999999999346,13.310546,14.704453,12.154903,10.265,9.518,9.134,8.862,8.848,0.90598184,0.90587324,0.8318903,0.8812485
5334676937370473984,178.98992840765376,-62.34452981221582,0.1676892816413733,-1.2337656,1.099472,2.3332376,0.62700033,0.9560003,0.329,0.11699999999999999,10.825884,12.059649,9.726412,7.906,7.279,6.95,6.691,6.574,0.92183346,0.8957375,0.69604695,0.8378727
5334140714941902848,174.89567621906593,-61.93085248676518,0.22703191105363377,-0.80566597,0.93888664,1.7445526,0.49399948,0.9040003,0.4100008,0.20599999999999952,12.849301,13.654967,11.910415,9.823,9.329,8.919,9.878,9.672,0.94756746,0.77073985,0.759752,0.82601976
5333261792834376192,176.92979797251064,-63.06287777224318,0.1927129497679992,-1.3085461,1.1392632,2.4478092,0.658,0.9869995,0.32899952,0.09999999999999964,12.55014,13.858686,11.410877,9.551,8.893,8.564,8.317,8.217,0.8864656,0.77285737,0.8045804,0.82130116
5333973215531534208,174.02962059952512,-63.100401687602265,0.18064286824809317,-1.2576628,1.1264124,2.3840752,1.1700001,2.3780003,1.2080002,0.8360000000000003,13.7049055,14.962568,12.578493,10.418,9.248,8.04,6.889,6.053,0.9532478,0.7031772,0.69530785,0.78391093
6054291423543684352,182.15808823475342,-63.469174516797494,0.14022339811651272,-0.71248436,0.85394573,1.5664301,0.50099945,1.0079994,0.50699997,0.354000000000001,13.799137,14.511621,12.945191,11.641,11.14,10.633,10.134,9.78,0.99886924,0.94889206,0.94953394,0.96576506
6058646554732497920,183.91130720395657,-60.596528592336945,0.16806182131574712,-1.3259563,1.1213179,2.4472742,0.8850002,1.3730001,0.48799992,0.6660000000000004,13.972605,15.298561,12.851287,10.908,10.023,9.535,8.678,8.012,0.98714393,0.9412843,0.9330678,0.953832
6057485951491749248,182.82723653959022,-62.49544649807936,0.18781466082098408,-0.8499193,0.9291134,1.7790327,0.33100033,0.65800047,0.32700014,0.12900000000000045,10.86969,11.719609,9.940577,8.536,8.205,7.878,7.602,7.473,0.8570262,0.85436845,0.7765795,0.8293247
5862461931932192512,198.66719378650856,-62.86039482564157,0.21331512798826746,-1.4672241,1.1818314,2.6490555,0.75400066,1.3190002,0.5649996,0.38400000000000034,13.718057,15.185281,12.536225,10.449,9.695,9.13,8.541,8.157,0.99883276,0.98872244,0.99390876,0.9938213
6055398563000956288,190.4453454247174,-62.19932973328686,0.2895139052276131,-2.1168528,1.3465977,3.4634504,0.8260002,1.3840003,0.5580001,0.29000000000000004,13.232835,15.349688,11.886237,9.371,8.545,7.987,7.511,7.221,0.9991165,0.9693284,0.98078835,0.9830777
6055281018334349568,193.91191834549664,-61.93845515091893,0.42000344061007217,-1.475421,1.1979923,2.6734133,0.6279998,1.027,0.39900017,0.3130000000000006,10.137091,11.612512,8.939098,6.922,6.294,5.895,5.695,5.382,0.84925056,0.9679699,0.89415956,0.90379333
6055660556004956288,194.46226631347568,-61.65784510377563,0.4524410551954339,-1.6563644,1.2445288,2.9008932,0.6670003,1.0950003,0.42799997,0.29600000000000026,10.706613,12.362977,9.462084,7.315,6.648,6.22,6.016,5.72,0.7614186,0.9323037,0.93585163,0.8765246
6073546754019223424,190.07654839712436,-55.504380937587285,0.22620875073709015,-0.9509821,0.9673166,1.9182987,0.8249998,1.368,0.5430002,0.7189999999999994,12.437283,13.388265,11.469966,9.958,9.133,8.59,7.704,6.985,0.9972,0.79377186,0.8227183,0.87123007
6060713636588270976,195.69193442738316,-56.03711812895803,0.14485651580807446,-1.347393,1.1248627,2.4722557,0.97899914,1.4789991,0.5,-0.07899999999999885,13.239128,14.586521,12.114265,10.131,9.152,8.652,8.063,8.142,0.9559846,0.76151127,0.87058854,0.8626948
5863427234406008704,194.456222634552,-62.4062932317124,0.2698724130215136,-1.6862583,1.2681723,2.9544306,1.7019997,2.6869993,0.98499966,0.351,13.768781,15.455039,12.500608,9.664,7.962,6.977,6.178,5.827,0.9907075,0.730945,0.72485906,0.81550384
5862472961409153152,198.3974565252909,-62.847378336506786,0.20942033587995,-1.370532,1.1499844,2.5205164,0.54100037,0.86800003,0.32699966,0.11500000000000021,12.454849,13.825381,11.304865,9.474,8.933,8.606,8.311,8.196,0.90593106,0.75964284,0.75136286,0.8056455
5865749780941355904,203.75796056778614,-61.97734813680388,0.2575641027350671,-1.5807323,1.2148113,2.7955437,0.6960001,1.2449999,0.5489998,0.40000000000000036,13.271571,14.8523035,12.05676,10.005,9.309,8.76,8.035,7.635,0.99903464,0.9585801,0.9546538,0.9707561
5867735258425947520,212.05234876051682,-59.54712913241427,0.28134030899941265,-1.1819735,1.09058,2.2725534,0.4710002,0.87800026,0.40700006,0.5009999999999994,10.857701,12.039675,9.767121,8.102,7.631,7.224,6.869,6.368,0.98902994,0.9849555,0.9851987,0.9863947
5866281772758200448,210.24660715270997,-61.89450840477742,0.2396893725866706,-1.7862301,1.2661877,3.0524178,0.7939997,1.3549995,0.5609999,0.3420000000000005,14.945431,16.73166,13.679243,11.259,10.465,9.904,9.372,9.03,0.9955532,0.94414514,0.9494561,0.9630515
5886346618695908736,229.91201841103828,-56.57052070871698,0.36864518841258825,-1.6264505,1.2226543,2.849105,0.8670006,1.6030002,0.7359996,1.109,12.391915,14.018366,11.169261,8.97,8.103,7.367,6.033,4.924,0.9964735,0.9090024,0.89680976,0.9340952
5886272955724681216,229.46378783539046,-56.42320051591343,0.2535753932139633,-1.7619143,1.2539663,3.0158806,0.7049999,1.198,0.49300003,0.2810000000000006,14.190722,15.952637,12.936756,10.707,10.002,9.509,9.128,8.847,0.99567646,0.6453376,0.7302573,0.7904238
5876417036638829952,226.86790872899638,-60.28834015307495,0.3678608129844391,-0.62668705,0.7886362,1.4153233,0.22900057,0.42900038,0.19999981,0.11699999999999999,9.892185,10.518872,9.103549,8.02,7.791,7.591,7.399,7.282,0.8546572,0.68602407,0.5844807,0.7083873
5982321339413825536,236.10444598263885,-50.750372368955105,0.3117344538618932,-1.5455542,1.6437225,3.1892767,1.1369996,2.2479997,1.1110001,0.4540000000000006,13.873051,15.418605,12.229328,8.832,7.695,6.584,5.873,5.419,0.9978928,0.98493665,0.9901134,0.9909809
5884638497360679296,238.47051826359234,-54.604912022594206,0.2834493985458235,-1.8509483,1.3011093,3.1520576,1.0279999,2.026,0.99800014,0.7809999999999997,14.2359085,16.086857,12.934799,10.485,9.457,8.459,7.053,6.272,0.94217914,0.82356757,0.7790371,0.8482613
5884212333554974208,237.90504803352383,-55.429597953312,0.2964023469970791,-1.2621088,1.1144104,2.3765192,0.5439997,0.9329996,0.38899994,0.4510000000000005,12.552639,13.814748,11.438229,9.618,9.074,8.685,8.336,7.885,0.8783177,0.8851715,0.7606025,0.8413639
5885954200453747840,234.89126118758043,-53.04030183647593,0.3147330528916075,-1.7693634,1.2612324,3.0305958,0.94400024,1.6290007,0.6850004,0.46799999999999997,15.110903,16.880266,13.84967,11.612,10.668,9.983,8.513,8.045,0.9634247,0.6256801,0.853798,0.81430095
5980824049416755456,240.16037927360478,-53.62761666290409,0.2897300822993246,-1.6303587,1.2367563,2.867115,1.3719997,2.5149994,1.1429996,0.5939999999999994,14.600371,16.23073,13.363615,10.813,9.441,8.298,6.693,6.099,0.98772055,0.9467071,0.9209911,0.9518063
4337320694359419264,249.36473147324375,-10.998112942609728,0.3250317755572146,-2.3192453,1.4029932,3.7222385,1.3179998,2.0829997,0.76499987,1.1049999999999995,13.584659,15.903904,12.181665,9.495,8.177,7.412,6.728,5.623,0.9958572,0.77170944,0.6630924,0.8102197
5832732954255094656,241.4175700847965,-61.60463955677552,0.17213486275392376,-0.75828075,0.92428493,1.6825657,0.5770006,0.8500004,0.27299976,0.29300000000000104,11.767902,12.526183,10.843617,9.987,9.41,9.137,8.598,8.305,0.83573675,0.69655484,0.7971212,0.77647096
4108642685519012608,257.45058819696715,-27.283160864074873,0.17392367529901787,-0.7564726,0.8980799,1.6545525,0.5609999,0.8439994,0.28299952,0.17600000000000016,10.622016,11.378489,9.723936,8.565,8.004,7.721,7.109,6.933,0.99413484,0.93679607,0.9159636,0.94896483
5972189374123893120,258.1776001217994,-39.664796725263464,0.2436901655449357,-1.723423,1.2642717,2.9876947,0.60999966,0.9180002,0.30800056,0.11899999999999977,12.47811,14.201533,11.213839,9.04,8.43,8.122,7.782,7.663,0.9607577,0.9162328,0.83690244,0.90463096
5972658869920060544,259.7203050631888,-38.834347394504235,0.29986646756131985,-1.2726717,1.1146011,2.3872728,0.5289998,0.8959999,0.3670001,0.28300000000000036,10.880772,12.153443,9.7661705,7.981,7.452,7.085,6.642,6.359,0.894757,0.8505197,0.8277642,0.8576803
5938053248938592768,255.83132112572395,-50.4027159624076,0.6396636174004111,-0.29038668,0.48655415,0.7769408,0.18700027,0.3169999,0.12999964,0.13400000000000034,7.5081205,7.798507,7.0215664,6.407,6.22,6.09,6.077,5.943,0.79658157,0.69793195,0.86094064,0.7851514
4055791772870099584,266.2875214175396,-31.83774229081659,0.320534130408841,-1.8624249,1.3325996,3.1950245,0.84399986,1.737,0.8930001,0.258,13.165448,15.027873,11.832849,9.623,8.779,7.886,6.905,6.647,0.99869186,0.99294853,0.9963952,0.9960118
4066929649553818368,268.3786749152021,-26.084466363280004,0.39130451183917125,-1.5142155,1.2029886,2.717204,0.70099974,1.2739997,0.57299995,0.4220000000000006,11.538565,13.05278,10.335576,8.153,7.452,6.879,6.214,5.792,0.99580777,0.98630583,0.9853102,0.9891413
4054149755376098176,265.5406680166429,-32.556903831952226,0.37069325931961294,-1.1250944,1.071948,2.1970425,0.5739994,1.1309996,0.55700016,0.33000000000000007,11.747392,12.872486,10.675444,8.846,8.272,7.715,6.936,6.606,0.9968268,0.974662,0.9760779,0.98252225
5972581384382112256,260.4840226952185,-38.417584829516734,0.32351911838328284,-1.338561,1.1150064,2.4535675,0.6079998,1.0679998,0.46000004,0.25599999999999934,12.381491,13.720052,11.266484,9.679,9.071,8.611,8.097,7.841,0.9668265,0.93042195,0.9459869,0.94774514
4053667756967584128,264.22342888476703,-34.04355566007659,0.4026851221584275,-0.6388111,0.79368496,1.4324961,0.2869997,0.49300003,0.20600033,0.15000000000000036,10.395141,11.033952,9.601456,8.502,8.215,8.009,7.662,7.512,0.9616302,0.9369484,0.90898263,0.9358538
4111641500443625472,260.8106607714394,-22.868453212881153,0.20555479432611473,-0.6854553,0.79539776,1.4808531,0.2989998,0.52299976,0.22399998,1.1219999999999999,10.556799,11.242254,9.761401,8.686,8.387,8.163,7.296,6.174,0.9582555,0.907956,0.8551248,0.9071121
4053687853067147648,264.22017581708786,-33.754098619550035,0.2855101482328852,-1.2560034,1.140832,2.3968353,0.91200066,1.5360003,0.6239996,0.798,12.881576,14.137579,11.740744,9.819,8.907,8.283,6.736,5.938,0.9855941,0.73621714,0.69561434,0.80580854
4054544578777996928,264.12878829341076,-32.974947845325396,0.28586530586064623,-1.8450727,1.2900305,3.1351032,1.0650005,1.618,0.5529995,0.48499999999999943,13.844052,15.689125,12.554022,9.963,8.898,8.345,7.582,7.097,0.9914067,0.60332364,0.81217635,0.8023022
4176702489589159424,268.275437961499,-3.8024901903546535,0.18368805368623492,-0.8201523,0.90422344,1.7243757,0.49299955,0.7149997,0.22200012,0.26400000000000023,10.270985,11.091137,9.366761,8.214,7.721,7.499,7.162,6.898,0.970588,0.71760255,0.69065815,0.7929496
4114745352995583872,260.89758545883205,-22.516857293362612,0.21725859330944636,-0.61510277,0.77773666,1.3928394,0.5089998,0.8970003,0.3880005,0.5350000000000001,12.869663,13.484766,12.091927,11.031,10.522,10.134,9.187,8.652,0.85796285,0.6801011,0.7662161,0.76809335
5925439896388012032,260.2691264298741,-51.12067438544117,0.3743926636496028,-0.619359,0.84608555,1.4654446,0.48599958,0.7359996,0.25,0.54,8.948505,9.567864,8.10242,7.029,6.543,6.293,6.296,5.756,0.6230038,0.76135784,0.8200585,0.7348067
4153741315246274048,273.6231686421645,-12.28276369995558,0.4614797182893186,-1.3856554,1.1577959,2.5434513,0.7340002,1.3250008,0.59100056,0.4110000000000005,12.732591,14.118246,11.574795,9.593,8.859,8.268,7.597,7.186,0.9977913,0.9890109,0.9852637,0.9906886
4069961316667193600,270.8538197179096,-21.834854104387087,0.3130105495273179,-1.8585577,1.2856903,3.144248,0.9910002,1.9359999,0.9449997,0.6120000000000001,13.73864,15.597198,12.45295,10.029,9.038,8.093,6.804,6.192,0.98885185,0.9900197,0.98532087,0.9880641
4155544449918310528,278.90329714180183,-9.25233185535726,0.27049587924700624,-1.7793541,1.2535,3.032854,0.7220001,1.2489996,0.5269995,0.3290000000000006,13.682501,15.461855,12.429001,10.273,9.551,9.024,8.509,8.18,0.99726593,0.9770337,0.98228455,0.98552805
4159733829730742400,276.49869981117513,-7.65597889244083,0.18315794838007393,-1.5010824,1.1817827,2.6828651,0.55599976,0.95899963,0.40299988,0.22299999999999898,13.049829,14.550911,11.868046,9.921,9.365,8.962,8.61,8.387,0.9938945,0.9709697,0.9855848,0.983483
4152555461890047744,275.7642899319429,-13.16680190803809,0.4481233904260875,-1.8575239,1.3577557,3.2152796,1.0570002,2.0740004,1.0170002,0.4939999999999998,14.519843,16.377367,13.162087,10.34,9.283,8.266,7.818,7.324,0.9589156,0.92944795,0.91113096,0.93316483
6707403082755302784,271.50721670535677,-47.52427722747031,0.30243300051831273,-0.68323517,0.8083687,1.4916039,0.3699999,0.61800003,0.24800014,0.2159999999999993,10.038218,10.721453,9.229849,7.871,7.501,7.253,7.193,6.977,0.9873198,0.8968973,0.87025815,0.9181585
4259285605411315584,279.76730501985924,-3.4041944647836044,0.27112347788502555,-1.3469248,1.1430616,2.4899864,0.8959999,1.552,0.65600014,0.6450000000000005,13.493793,14.840717,12.350731,10.482,9.586,8.93,8.117,7.472,0.9922625,0.8593328,0.8611604,0.9042519
4069161452000249216,270.5642627066439,-23.72212260767631,0.21967484089635556,-1.2921705,1.1204824,2.412653,0.66100025,1.1189995,0.45799923,0.2759999999999998,13.47511,14.767281,12.354628,10.674,10.013,9.555,8.688,8.412,0.98463804,0.85457665,0.85701716,0.8987439
6726023960696892800,273.24222609304735,-39.64718528022318,0.2835290552142169,-1.569519,1.4132566,2.9827757,0.7160001,1.2100005,0.49400043,0.23000000000000043,12.192468,13.761987,10.779211,8.713,7.997,7.503,7.025,6.795,0.93510497,0.9065314,0.8221006,0.88791233
4252609198989918720,279.5941598252356,-7.757486465508538,0.24057514803187677,-1.8519287,1.2814484,3.133377,0.7119999,1.1569996,0.4449997,0.3199999999999985,14.14916,16.00109,12.867712,10.559,9.847,9.402,8.883,8.563,0.959937,0.80027795,0.76214796,0.84078765
4103751404992882944,278.9145916142882,-14.209726098564653,0.5114915584644049,-1.6936159,1.232647,2.9262629,0.97599983,1.4549999,0.4790001,0.7000000000000002,10.774102,12.467718,9.541455,7.514,6.538,6.059,5.476,4.776,0.8916384,0.7682932,0.73328596,0.7977392
4065990739668660096,270.4029815930842,-24.638031308310374,0.5351240224482412,-1.5446815,1.196991,2.7416725,1.0600004,1.7150002,0.65499973,0.9589999999999996,12.497888,14.042569,11.300897,9.043,7.983,7.328,6.274,5.315,0.9873011,0.60759956,0.7517909,0.78223056
4282590888178816640,284.2569383154777,5.95036178547131,0.3234952033099481,-2.0664053,1.3279877,3.394393,0.8340006,1.3990002,0.5649996,0.39400000000000013,14.358262,16.424667,13.030274,10.489,9.655,9.09,8.537,8.143,0.98953617,0.9095509,0.97214645,0.9570778
4314226277283752320,286.24544835458977,13.299756375394024,0.1943915983232863,-1.2863426,1.1127205,2.399063,0.5880003,1.0120001,0.4239998,0.34699999999999953,13.587979,14.874322,12.475259,10.543,9.955,9.531,9.218,8.871,0.9730811,0.9133195,0.94277155,0.94305736
6760884256051294464,284.69703943453743,-29.50503663453827,0.2248497535300296,-0.5091734,0.67575264,1.184926,0.20999956,0.41499996,0.2050004,0.32399999999999984,9.175681,9.6848545,8.499928,7.845,7.635,7.43,7.135,6.811,0.9573132,0.9516179,0.9200498,0.94299364
4256690861030019456,280.2766478152615,-4.742457517625932,0.24098356126346654,-1.2115078,1.0988035,2.3103113,0.6040001,0.9840002,0.3800001,0.3330000000000002,12.187832,13.39934,11.089028,9.449,8.845,8.465,8.119,7.786,0.9904845,0.8434583,0.8691831,0.901042
4081161698010414336,287.8732589946073,-21.99825190826722,0.16120883799325095,-0.65090084,0.7910595,1.4419603,0.55200005,0.8290005,0.27700043,0.28199999999999914,10.863127,11.514028,10.072067,9.866,9.314,9.037,7.887,7.605,0.9372933,0.852595,0.8916728,0.89385366
4312982660894049152,288.94285010950824,12.03282754918978,0.21528352240296492,-1.423563,1.1615038,2.5850668,0.58799934,1.0939999,0.5060005,0.3069999999999986,14.036218,15.459781,12.874714,10.966,10.378,9.872,9.155,8.848,0.9964619,0.800037,0.86615866,0.88755256
4268560089056113280,286.20207674243983,2.757130196054569,0.3787950257180102,-0.6267595,0.86706924,1.4938288,0.37300014,0.6489997,0.27599955,0.20699999999999985,10.441301,11.068061,9.574232,8.476,8.103,7.827,7.479,7.272,0.9464474,0.7121485,0.79935485,0.81931686
4521181475449837824,286.7407974432154,23.070283343919503,0.1436601155329152,-1.1022158,1.0301332,2.132349,0.7950001,1.2040005,0.4090004,-0.1070000000000011,13.185021,14.287237,12.154888,10.571,9.776,9.367,9.277,9.384,0.91130906,0.6480194,0.54432994,0.7012195
1825418588978011648,293.4333540169638,19.37982880579943,0.1616858655033355,-1.4890089,1.1951714,2.6841803,0.58899975,1.1219997,0.533,0.661999999999999,13.303019,14.792027,12.107847,10.196,9.607,9.074,8.248,7.586,0.99935025,0.99631846,0.9966344,0.9974344
4323101294616761472,293.48963722254734,18.413928792108056,0.23707693319160603,-1.0772543,1.027421,2.1046753,0.5159998,0.9949999,0.4790001,0.2699999999999996,12.228587,13.305841,11.201166,9.661,9.145,8.666,8.464,8.194,0.998243,0.96954703,0.96942914,0.97907305
1824847942451377024,296.5636123802105,19.412880911281007,0.24509015165112133,-0.59107685,0.75231075,1.3433876,0.3029995,0.59699965,0.29400015,0.2709999999999999,10.21859,10.809667,9.466279,8.398,8.095,7.801,7.33,7.059,0.9801313,0.9728224,0.97748625,0.9768133
2017931323962949376,292.1242093003645,20.557590599164826,0.21136853374064438,-1.1327696,1.0592108,2.1919804,0.56900024,1.052,0.4829998,0.40300000000000047,12.488266,13.621036,11.429055,9.76,9.191,8.708,8.163,7.76,0.9989968,0.9680881,0.953343,0.97347593
2027164404129531264,298.2398050313411,27.028922891540905,0.2228061977661385,-1.3227568,1.1315002,2.454257,0.67800045,1.1410003,0.46299982,0.7350000000000003,12.091395,13.414152,10.959895,9.107,8.429,7.966,6.932,6.197,0.99362844,0.95023704,0.95736134,0.96707565
2018121333321255168,292.40175867869027,21.463345146068146,0.21871667490625762,-1.7372742,1.245575,2.9828491,1.0980005,1.6640005,0.566,0.6750000000000007,14.6040535,16.341328,13.358479,11.133,10.035,9.469,8.499,7.824,0.9968838,0.9328882,0.9638358,0.96453595
2018082060137856512,293.15749514535247,21.401973043335524,0.19229579220421722,-1.135376,1.0537939,2.18917,0.5400009,0.99400043,0.45399952,0.33399999999999963,13.22308,14.358456,12.169286,10.612,10.072,9.618,9.052,8.718,0.96487415,0.94990337,0.9681589,0.9609788
2019997336345826048,295.3587112655619,23.08076866644363,0.14429454774845868,-1.7429514,1.255353,2.9983044,0.63799953,0.9819994,0.34399986,0.10199999999999854,13.303866,15.046818,12.048513,9.848,9.21,8.866,8.588,8.486,0.9629131,0.9417908,0.9655907,0.9567649
4322537245139267712,292.13276115329927,17.122552479406178,0.2261921094025232,-1.4712915,1.1913967,2.6626883,0.6019993,1.0559998,0.45400047,0.31899999999999906,13.339953,14.811245,12.148557,10.155,9.553,9.099,8.635,8.316,0.9841978,0.9137736,0.92756826,0.94184655
2027896747606889728,297.529250189658,26.8735599038422,0.1486121550690988,-1.6336527,1.2279491,2.8616018,0.7040005,1.0780001,0.3739996,0.062000000000001165,13.067319,14.700972,11.83937,9.623,8.919,8.545,8.297,8.235,0.9555761,0.85190904,0.8586834,0.88872284
2022058443959502464,295.1644608906006,26.62815574095989,0.16159540807711298,-1.4939241,1.1770735,2.6709976,0.65300083,1.3070002,0.6539993,-0.16799999999999926,13.612624,15.106548,12.435551,10.402,9.749,9.095,8.891,9.059,0.9321705,0.77635556,0.83587295,0.848133
2020763253607431936,296.1428223649945,24.571785600335673,0.22503477906244734,-1.0150204,1.0029192,2.0179396,0.51299953,1.0459995,0.533,0.3149999999999995,12.752788,13.767808,11.749868,10.561,10.048,9.515,9.064,8.749,0.99564064,0.8349991,0.7020188,0.8442195
2020708071848370560,297.3733892045465,25.198396535990558,0.15589234261564872,-1.7674332,1.2632799,3.030713,0.62199974,0.9499998,0.32800007,0.10699999999999932,13.139312,14.906745,11.876032,9.709,9.087,8.759,8.548,8.441,0.9347977,0.7453628,0.8276301,0.83593017
2031813134977149184,296.5735776717023,29.660193905692854,0.1290561126524977,-1.3585091,1.1412487,2.4997578,0.76299953,1.1750002,0.41200066,-0.2959999999999994,13.191288,14.549797,12.050039,10.167,9.404,8.992,8.811,9.107,0.9846315,0.77990717,0.7115297,0.82535607
4321350769030806912,293.13699565385684,15.28652597554936,0.22787180059129575,-0.8836956,0.95398045,1.837676,0.75,1.5340004,0.7840004,0.5640000000000001,14.183158,15.066854,13.229177,11.732,10.982,10.198,9.17,8.606,0.99498403,0.6391091,0.75719416,0.7970958
1827345173870442112,296.9215386102814,20.975178668283974,0.21079701953846738,-0.6971617,0.8344536,1.5316153,0.40700054,0.8310003,0.4239998,0.3699999999999992,12.568989,13.26615,11.734535,10.64,10.233,9.809,9.28,8.91,0.9462639,0.61598724,0.67799926,0.7467501
511534968643870464,23.907328330813886,62.00211735839636,0.4023188818143744,-1.3391113,1.1296749,2.4687862,0.70199966,1.2649994,0.5629997,0.4089999999999998,12.500926,13.840037,11.371251,9.822,9.12,8.557,8.067,7.658,0.99833304,0.96858025,0.9760048,0.9809727
511757619745013888,28.774048941674764,62.42887192150169,0.1629584602409667,-0.76286983,0.87739944,1.6402693,0.4439993,0.8829994,0.43900013,0.35999999999999943,11.90102,12.66389,11.023621,9.768,9.324,8.885,8.433,8.073,0.9949537,0.94448286,0.9613057,0.9669141
351149177434709760,26.445951803391257,46.816914753286824,0.2928590538267818,-0.26928425,0.44236374,0.711648,0.3909998,0.89800024,0.50700045,0.8630000000000004,9.240889,9.510173,8.798525,8.243,7.852,7.345,6.33,5.467,0.9911588,0.91234064,0.95894617,0.95414853
511299746174161792,27.67519181288775,61.25732543877094,0.24726713491288213,-0.7619028,0.87940407,1.6413069,0.49399948,0.88699913,0.39299965,0.31899999999999906,12.0033245,12.765227,11.12392,9.822,9.328,8.935,8.511,8.192,0.99231565,0.8394629,0.8674298,0.8997361
512617545215942400,22.15106865997592,63.56066651445732,0.15592374759561067,-0.7571707,0.8733063,1.630477,0.37900066,0.70300007,0.3239994,0.2759999999999998,11.85905,12.61622,10.9857435,9.751,9.372,9.048,8.745,8.469,0.9033573,0.82937026,0.75963634,0.83078796
513305938276571776,24.059061822275066,65.39427066714507,0.1945577332937871,-0.6963196,0.83410263,1.5304222,0.45699978,0.8409996,0.38399982,0.2580000000000009,12.248538,12.944858,11.414435,10.219,9.762,9.378,8.958,8.7,0.7629926,0.80775887,0.6265919,0.7324478
512079025044961536,25.59999557978792,63.257235736020895,0.37603718263584685,-0.2863531,0.48227215,0.76862526,0.28099966,0.6539998,0.37300014,0.2159999999999993,10.08546,10.371813,9.603188,8.061,7.78,7.407,8.245,8.029,0.93122023,0.59708565,0.66220385,0.73016995
2034096172116995712,300.4155298721039,32.571635648421584,0.21797131546716733,-0.6247425,0.78872776,1.4134703,0.42300034,1.1320009,0.7090006,0.35199999999999854,12.116094,12.740836,11.327366,10.178,9.755,9.046,8.729,8.377,0.99528754,0.99556136,0.9943125,0.99505377
2060913191990736768,303.16289995800133,37.95243555866726,0.164475537220823,-1.2827959,1.1116209,2.3944168,0.57800007,1.0959997,0.51799965,0.3570000000000011,13.872943,15.155739,12.761322,10.906,10.328,9.81,9.284,8.927,0.9969952,0.97751015,0.9853999,0.98663515
2068420485564051072,305.8193192937968,41.15690955038516,0.5098746665227396,-2.6575565,1.4376974,4.095254,1.1950006,1.9980001,0.8029995,0.37599999999999945,15.089235,17.746792,13.651538,10.109,8.914,8.111,7.395,7.019,0.99421567,0.9758763,0.9853135,0.98513514
2069091531258827648,307.0606305532979,43.657061947348566,0.5604212220443966,-1.9415741,1.3106537,3.2522278,0.908,1.5780001,0.6700001,0.5060000000000002,12.767507,14.709081,11.456853,8.769,7.861,7.191,6.444,5.938,0.9935649,0.9753802,0.98289824,0.98394775
2056197867641929600,305.54250633992274,33.84293685147311,0.2271071703248167,-1.6113138,1.2342119,2.8455257,0.74400043,1.2969999,0.5529995,0.3440000000000012,14.014332,15.625646,12.78012,10.581,9.837,9.284,8.496,8.152,0.9989096,0.9709746,0.9736395,0.9811745
2056678182428587904,308.50948983537523,35.65969007675716,0.22123339297127773,-0.91500664,0.9578152,1.8728218,0.45200062,0.87900066,0.42700005,0.3409999999999993,11.95197,12.866977,10.994155,9.451,8.999,8.572,8.084,7.743,0.9951574,0.9756344,0.96087515,0.97722226
2055099696060334208,302.15695111774,32.852390571700816,0.1894284652841475,-1.962863,1.311058,3.273921,1.1110001,1.6780005,0.5670004,0.7440000000000007,14.079659,16.042522,12.768601,10.086,8.975,8.408,7.405,6.661,0.9896347,0.971033,0.96877587,0.97648114
2056194191149905408,305.7107362091281,33.83101131203255,0.2902250944127328,-1.6327095,1.2255192,2.8582287,0.6689997,1.1520004,0.48300076,0.3440000000000012,13.149721,14.782431,11.924202,9.656,8.987,8.504,8.368,8.024,0.99420327,0.95499206,0.96436,0.97118515
2068434332539101056,306.02577183876394,41.426044642501715,0.5742728523607628,-2.4425774,1.4609985,3.903576,1.1809998,2.1509995,0.9699998,0.5839999999999996,13.753464,16.196041,12.292465,9.273,8.092,7.122,6.505,5.921,0.99141425,0.9020883,0.9315198,0.94167405
2068289025206090112,305.34491054791573,40.590405617549315,0.5037528007801508,-3.2654266,1.5237055,4.789132,1.3389997,2.026,0.6870003,0.21700000000000053,14.517937,17.783363,12.994231,9.403,8.064,7.377,6.953,6.736,0.9186481,0.89717454,0.9044347,0.9067524
2054832514717591936,302.7349440099057,32.26206196468528,0.14780844568298326,-1.6154442,1.2223158,2.83776,0.62800026,0.9960003,0.36800003,0.06400000000000006,13.837242,15.452686,12.614926,10.446,9.818,9.45,9.153,9.089,0.9570106,0.8731253,0.7979274,0.8760211
2068255524461434624,308.0044781594033,43.03038733528359,0.29968700148893723,-1.8127117,1.2796478,3.0923595,0.8310003,1.4510002,0.6199999,0.3769999999999989,15.632515,17.445227,14.352867,11.984,11.153,10.533,9.841,9.464,0.9768248,0.6730096,0.8259513,0.8252619
2056435602670418688,306.604843860052,35.32039589761002,0.5285270059476705,-2.4099493,1.3980331,3.8079824,1.3340006,2.1280003,0.7939997,0.8600000000000003,13.968858,16.378807,12.570825,9.522,8.188,7.394,6.179,5.319,0.996307,0.639345,0.7017832,0.77914506
2058954927431336576,303.0982848555158,35.766503383905594,0.17622332550340583,-0.85526466,0.93913746,1.7944021,0.58399963,1.0839996,0.5,0.38599999999999923,13.777165,14.63243,12.838028,11.631,11.047,10.547,9.684,9.298,0.98717713,0.7241925,0.61343014,0.7749333
2068540465472785152,305.9942430405545,42.30449175396572,0.42351280435584876,-1.8376265,1.2993317,3.1369581,0.88899994,1.4109998,0.52199984,0.2450000000000001,12.183232,14.020859,10.883901,8.252,7.363,6.841,6.524,6.279,0.98049235,0.6172272,0.5325088,0.7100761
2164838550001024128,319.0447553020254,47.749184402433066,0.1215044565015965,-1.384098,1.153183,2.537281,0.8629999,1.6239996,0.7609997,0.7010000000000005,13.5831785,14.967277,12.429996,10.374,9.511,8.75,7.496,6.795,0.9996636,0.998075,0.9967253,0.99815464
2163558306159384448,315.7753247238804,45.871391433891304,0.15256151341806912,-1.1798897,1.0786867,2.2585764,0.64799976,1.1789999,0.53100014,0.4090000000000007,14.237663,15.417553,13.158977,11.439,10.791,10.26,9.747,9.338,0.9991447,0.9902936,0.9918222,0.9937535
2168547713816898816,315.6105141720785,49.11695586600359,0.27354093812196745,-0.8224726,0.91392136,1.7363939,0.5670004,1.2270002,0.65999985,0.5149999999999997,12.390672,13.213144,11.47675,10.154,9.587,8.927,7.947,7.432,0.9965145,0.9707773,0.96905935,0.9787838
2162630868101099904,315.76251138520877,45.003806513468305,0.12414220831367594,-0.46722794,0.66285133,1.1300793,0.45300007,1.1140003,0.66100025,0.7220000000000013,13.750719,14.217947,13.087868,12.203,11.75,11.089,10.021,9.299,0.99688524,0.97581816,0.94142586,0.9713764
2166036051295755392,317.253756467382,49.739803866758045,0.25035345359141753,-1.1318884,1.1503639,2.2822523,0.49699974,0.9549999,0.45800018,0.3249999999999993,12.483252,13.61514,11.332888,9.61,9.113,8.655,8.213,7.888,0.9972873,0.9432349,0.9601087,0.966877
2164284602313230464,316.97413621266634,46.18262304218498,0.1180103701886205,-0.62502,0.7804289,1.4054489,0.3970003,0.8120003,0.41499996,0.2900000000000009,13.24695,13.87197,12.466521,11.989,11.592,11.177,10.663,10.373,0.9961009,0.9528797,0.94075024,0.96324366
2066369655858862080,310.40367306190956,41.85940416944368,0.7305758648688336,-1.648201,1.6734657,3.3216667,0.9090004,1.4060001,0.49699974,0.16900000000000048,16.796469,18.44467,15.123003,12.104,11.195,10.698,10.295,10.126,0.9432499,0.96297807,0.9401358,0.9487879
2164469870015449600,318.47474645673697,47.61930292952312,0.1876965308190457,-1.0595522,1.0299683,2.0895205,0.5249996,0.9609995,0.43599987,0.3609999999999989,13.416589,14.476141,12.3866205,10.79,10.265,9.829,9.337,8.976,0.975003,0.8903192,0.9318614,0.9323945
2164859062765132416,318.9991719881302,48.10555027176188,0.23858372740285344,-0.9267597,0.9694519,1.8962116,0.52999973,1.0579996,0.5279999,0.42600000000000016,12.613065,13.5398245,11.643613,10.21,9.68,9.152,8.563,8.137,0.9850284,0.894171,0.80922025,0.89613986
2165493785902947072,315.76900536934437,48.22811437555507,0.2191586611682889,-1.3987522,1.1645231,2.5632753,0.5819998,0.89500046,0.31300068,0.10500000000000043,12.129692,13.528444,10.965169,9.045,8.463,8.15,7.799,7.694,0.82017714,0.75694054,0.6777217,0.75161314
2198947840236052480,329.67059223750294,56.85499968974552,0.1717012483723123,-0.9127617,0.95553684,1.8682985,0.5020008,0.95000076,0.44799995,0.36299999999999955,12.4614725,13.374234,11.505936,10.067,9.565,9.117,8.642,8.279,0.98887116,0.965336,0.9838314,0.9793462
2177966340878500992,323.2615413243587,56.557884752674944,0.12293765764565727,-0.8587065,0.93135643,1.7900629,0.47300053,0.90499973,0.4319992,0.3149999999999995,13.020527,13.879233,12.08917,10.722,10.249,9.817,9.453,9.138,0.9985916,0.92537504,0.9165522,0.94683963
2178242215216218752,327.1272158106443,57.42889420804376,0.2009928676512575,-0.99943924,1.0013466,2.0007858,0.6140003,1.1360006,0.5220003,0.40300000000000047,13.598473,14.597912,12.597126,11.06,10.446,9.924,9.298,8.895,0.99680245,0.939537,0.8748456,0.9370616
2171060514504933760,321.4453354507249,49.52443737354747,0.1461007605099473,-0.88984585,0.94462585,1.8344717,0.50699997,0.93099976,0.4239998,0.29800000000000004,13.340982,14.230828,12.396357,11.947,11.44,11.016,9.685,9.387,0.9968821,0.8065262,0.86745256,0.8902869
1979296611339084672,324.8407304374963,50.823201835098764,0.19956649799103285,-0.8947811,0.9462366,1.8410177,0.4640007,0.8810005,0.41699982,0.3119999999999994,13.329758,14.224539,12.383521,11.034,10.57,10.153,9.631,9.319,0.85808307,0.8536286,0.8356823,0.8491313
2164809309866544000,320.6178816517551,48.52309479631656,0.1274617277329009,-1.3513775,1.1376829,2.4890604,0.45499992,0.8550005,0.40000057,0.07200000000000095,13.742905,15.094282,12.605222,10.779,10.324,9.924,9.778,9.706,0.98042417,0.66692275,0.8449689,0.8307719
1972851209762785664,327.495152418604,43.96577061699762,0.49143054772663575,-0.40453148,0.59697247,1.001504,0.30599976,0.48999977,0.18400002,0.48300000000000054,8.311666,8.716197,7.714693,6.896,6.59,6.406,6.277,5.794,0.8840335,0.8064173,0.7639511,0.818134
1980861491267364224,326.5526782660051,51.717239513327236,0.15349379752846154,-1.6624861,1.2458572,2.9083433,0.6680002,1.0799999,0.4119997,0.08700000000000152,13.716913,15.379399,12.471056,10.271,9.603,9.191,8.941,8.854,0.9218863,0.79996544,0.6805188,0.80079025
2170981040433354368,322.1150206922275,50.023227209047725,0.22351131023238702,-1.0325184,1.0123482,2.0448666,0.6329994,1.151,0.5180006,0.802999999999999,12.946739,13.979258,11.934391,10.341,9.708,9.19,8.075,7.272,0.97809905,0.71381855,0.6650878,0.78566855
2175140321115394560,327.52653865026093,56.541028794512265,0.12504661965140304,-0.96507454,0.9809866,1.9460611,0.5619993,1.0319996,0.47000027,0.3600000000000012,13.675889,14.640964,12.694902,11.19,10.628,10.158,9.759,9.399,0.99949384,0.59118336,0.6767995,0.7558256
2174829842215140096,327.71007494759607,55.44977470861447,0.32635425512704264,-1.5513744,1.2086391,2.7600136,0.69299984,1.2099991,0.51699924,0.2959999999999994,13.363331,14.914705,12.154692,10.046,9.353,8.836,8.433,8.137,0.97439927,0.6266817,0.6307135,0.7439315
2171364082793429120,323.8570941385223,50.61272863515777,0.20857354011792434,-0.9356375,0.9698458,1.9054832,0.45899963,0.91399956,0.45499992,0.32099999999999973,13.652418,14.588056,12.682572,11.151,10.692,10.237,9.802,9.481,0.9055501,0.4951339,0.7487311,0.7164717
2003406775340416128,339.5820989769806,54.6844370257424,0.14528697150992362,-1.3352003,1.1226006,2.4578009,0.6129999,1.2820005,0.6690006,-0.12900000000000134,13.471112,14.806313,12.348512,10.449,9.836,9.167,8.979,9.108,0.9974732,0.97353077,0.9869479,0.985984
2005934002822131840,335.29562801461,55.262826095100465,0.22208821359061276,-0.2276802,0.41241455,0.64009476,0.5909996,1.2440004,0.65300083,0.5109999999999992,12.024462,12.252142,11.612047,11.019,10.428,9.775,8.862,8.351,0.9856294,0.9677325,0.95044506,0.9679356
2007876255752593664,336.9225924129087,57.68457760112147,0.12615871063973635,-0.67802334,0.820837,1.4988604,0.45200062,0.7539997,0.3019991,0.31400000000000006,11.815752,12.493775,10.994915,9.873,9.421,9.119,8.592,8.278,0.98274463,0.93743426,0.96187776,0.96068555
2200231829295508864,337.3253846894226,58.91778092698727,0.2964492907296378,-0.81668186,0.90274525,1.7194271,0.5089998,0.9569998,0.44799995,0.3540000000000001,11.407723,12.224405,10.504978,9.236,8.727,8.279,7.763,7.409,0.9489029,0.9318792,0.91871405,0.9331654
2198799852840788352,333.98946234424875,58.16010987266662,0.1730573781050212,-0.9989996,1.001895,2.0008945,0.51299953,0.87699986,0.36400032,0.29999999999999893,13.490804,14.489803,12.488909,10.983,10.47,10.106,9.684,9.384,0.81207687,0.8650193,0.8482523,0.8417828
2202839145015959296,330.57427868458336,59.37452216463946,0.15009935766378998,-0.7085047,0.8402462,1.5487509,0.40700054,0.8460007,0.43900013,0.36100000000000065,12.700818,13.409323,11.860572,10.737,10.33,9.891,9.401,9.04,0.9965209,0.73341846,0.7858552,0.8385982
2200176888072418176,337.2822486876626,58.64310536776845,0.26195503292421296,-0.6074352,0.77741814,1.3848534,0.35199928,0.71899986,0.36700058,0.34699999999999953,11.430851,12.038286,10.653433,9.563,9.211,8.844,8.462,8.115,0.6834647,0.8311308,0.809166,0.77458715
2207157275075625216,342.2800170229329,62.18565222146848,0.3440318878749264,-1.4647226,1.1740074,2.63873,0.70899963,1.2620001,0.55300045,0.34499999999999975,12.748119,14.212842,11.574112,9.578,8.869,8.316,7.777,7.432,0.99889743,0.9898583,0.97811663,0.9889574
2014597982637580544,342.9518595339878,60.384901473476724,0.278456526426266,-1.1250038,1.0576515,2.1826553,0.6019993,1.0959997,0.49400043,0.35299999999999976,12.089239,13.214243,11.031588,9.296,8.694,8.2,7.725,7.372,0.9981741,0.97745603,0.9675202,0.9810501
2207632676417049472,345.6180211499961,63.13269807089248,0.21399053805388768,-1.2116337,1.0966396,2.3082733,0.5680008,0.95000076,0.38199997,0.49799999999999933,12.872295,14.083929,11.775656,10.001,9.433,9.051,8.599,8.101,0.9931183,0.9653548,0.957472,0.9719817
2013735621926788608,348.6435514263434,59.83672606714014,0.29009358916857164,-0.37854862,0.5845213,0.9630699,0.2989998,0.599,0.3000002,0.19500000000000028,9.299931,9.678479,8.715409,7.944,7.645,7.345,6.953,6.758,0.976489,0.92466855,0.93008804,0.94374853
2008445459173186944,340.33231735222563,59.359568659464976,0.2979670132763689,-0.65431213,0.8434639,1.497776,0.51299953,0.93099976,0.41800022,0.3689999999999998,11.2078085,11.862121,10.364345,8.889,8.376,7.958,8.53,8.161,0.9873412,0.84867126,0.78077,0.8722608
2013500979276835584,343.9576742111324,59.10413114459055,0.31731376730758193,-0.90001297,0.95263577,1.8526487,0.6040001,1.0930004,0.48900032,0.4169999999999998,12.303697,13.20371,11.351061,9.937,9.333,8.844,8.477,8.06,0.91139865,0.87520456,0.76296353,0.8498556
2013612747200268672,345.56108018693146,59.61019120264306,0.300168358818883,-0.8846121,0.9200363,1.8046484,0.36800003,0.6419997,0.2739997,0.6239999999999997,9.967583,10.852195,9.047546,7.823,7.455,7.181,6.747,6.123,0.9414037,0.7369749,0.80885977,0.82907945
2014658898156674944,344.36507138883684,60.56579920981635,0.2345845274661399,-0.9054575,0.9618597,1.8673172,0.559,1.0669994,0.5079994,0.40499999999999936,12.950321,13.855779,11.9884615,10.096,9.537,9.029,8.741,8.336,0.99696916,0.8972945,0.57331806,0.8225272
2013993594841231232,347.86170972643544,60.204060524125964,0.27170300557222765,-1.0220966,1.0337648,2.0558615,0.6800003,1.2910004,0.61100006,0.43900000000000006,13.490292,14.512388,12.456527,10.585,9.905,9.294,8.847,8.408,0.91134655,0.7518189,0.5718746,0.7450134
2017011440720644224,353.0299744860489,64.39711572700975,0.13202105772770512,-1.1756382,1.082552,2.2581902,0.8330002,1.2529993,0.41999912,0.3949999999999996,12.740844,13.916482,11.658292,9.813,8.98,8.56,8.042,7.647,0.9981774,0.9359835,0.9575843,0.9639151
2012631506100502400,356.2028811215438,61.24038508177415,0.35199596615401485,-0.55332947,0.73432827,1.2876577,0.36600018,0.7600002,0.39400005,0.27500000000000036,9.921837,10.475166,9.187509,8.052,7.686,7.292,7.123,6.848,0.9892107,0.7820054,0.84265804,0.8712914
2016096994950049920,358.36134366484384,63.289892994376146,0.14479661950146494,-0.5364475,0.73020744,1.266655,0.4329996,0.9239998,0.49100018,0.37400000000000055,14.052276,14.588723,13.322068,11.559,11.126,10.635,10.739,10.365,0.9976299,0.7971062,0.73794824,0.8442281
465385308829108608,37.01514614521299,60.56656024602827,0.40420247348797284,-0.83783627,0.9343834,1.7722197,0.599,1.2530003,0.6540003,0.4400000000000004,11.762219,12.600056,10.827836,9.455,8.856,8.202,7.766,7.326,0.9951532,0.97823834,0.964897,0.9794295
514184452373659392,38.233488136946136,63.1052185427624,0.1435154619264637,-0.6121197,0.77235126,1.3844709,0.44099998,0.86300087,0.42200089,0.391,12.778341,13.390461,12.00599,10.836,10.395,9.973,9.54,9.149,0.99398154,0.70087093,0.6860443,0.79363227
464195151909148800,40.148505942898815,58.792602692082404,0.21768114536763428,-1.0394716,1.0304394,2.069911,0.5369997,0.8540001,0.3170004,0.1169999999999991,12.4514475,13.490919,11.421008,9.771,9.234,8.917,8.779,8.662,0.96348333,0.7201622,0.6534739,0.7790398
436132698889138176,45.513595084836425,48.49695422946748,0.42565206995016847,-1.919446,1.4187536,3.3381996,0.8270006,1.2940006,0.467,0.6100000000000003,11.222916,13.142362,9.804162,8.079,7.252,6.785,6.197,5.587,0.9159193,0.6998306,0.7046117,0.7734539
444592650593871616,58.40384587387732,54.53226723507526,0.2009122892487016,-0.8050251,0.9006367,1.7056618,0.49100018,0.9350004,0.44400024,0.37099999999999866,13.182315,13.98734,12.281678,10.852,10.361,9.917,9.45,9.079,0.95194966,0.74336934,0.71899295,0.80477065
251905986605326848,60.333067982277505,53.18948780251554,0.21399473276822314,-1.0572672,1.0389299,2.0961971,0.62900066,1.1240005,0.4949999,0.4299999999999997,13.83253,14.889797,12.7936,11.142,10.513,10.018,9.355,8.925,0.9958839,0.685272,0.78698045,0.8227121
3449596412210709760,83.79916853903497,34.63704570099681,0.20316248616464655,-0.6086035,0.7622261,1.3708296,0.4470005,0.8640003,0.41699982,0.26699999999999946,12.860297,13.468901,12.098071,10.777,10.33,9.913,9.279,9.012,0.9118722,0.7339365,0.7497662,0.7985249
3348877328875818112,90.09209981423002,16.141055635035002,0.39631492893869846,-1.1299152,1.0691986,2.1991138,0.78999996,1.5809999,0.7909999,0.8479999999999999,12.275745,13.405661,11.206547,9.57,8.78,7.989,6.732,5.884,0.9904827,0.79988456,0.8354302,0.87526584
3437298576514599936,94.50342294630718,30.88136543904017,0.14947381053826714,-0.4698,0.6690006,1.1388006,0.98600006,2.0009995,1.0149994,0.8400000000000007,13.307182,13.776982,12.638182,11.492,10.506,9.491,8.227,7.387,0.61399126,0.8530456,0.7750417,0.7473595
